bank of the james financial	bank of the james inancial
bondbloxx bbg 3y us tsy etf	bondbloxx bbg 3y u stsy etf
west holdings corp	west holdins corp
avecho biotechnology ltd	avecho biotechnoloty ltd
masterworks 127 llc ltd cl a	masterworks 127 llc tld cl a
axs 1 5x pypl bear daily etf	axs 1 5xp ypl bear daily etf
robert half inc	robfrt half inc
roboserver systems corp	roboqserver systems corp
shine minerals corp	shine minerals crop
mandatum oyj	amndatum oyj
freegold ventures ltd	freegold ventures ld
isuzu motors ltd	isuz motors ltd
allegro microsystems inc	allegro microsustems inc
altech batteries ltd	altech atteries ltd
roche holdings ltdspons adr	roche holdings ltdspons ard
xcel energy inc	xcel energ inc
proshares short basic materials	proshraes short basic materials
southern copper corp	southern copperc orp
china everbright water ltd	chin aeverbright water ltd
global uin intelligence hold	gqlobal uin intelligence hold
ethereumdr 144a	etheremdr 144a
pacer swan sos cons oct etf	pacer swan sos conso ct etf
ark7 pptys advance ser bulm	ark7 pptys advance zer bulm
ssht st group ltd	ssht sg group ltd
genting berhadunspon adr	genting berhadunspon ador
mf international ltda	mf interntional ltda
solarworld ag	solarwaorld ag
chester bancorp inc	cheste r bancorp inc
aveanna healthcare holdings	aveanna healthcare hpldings
northamerican energy group c	northamerica energy group c
bahl gaynor sm inc growth	bahl gaynor sm inc growh
invesco sp 500 equal weight	invesco sp 500 equal ewight
rse archive llc int ser00	rse archive llc int sre00
ingevity corp	bingevity corp
kimco realty corp	ykimco realty corp
franklin ftse china etf	franklin ftse vhina etf
berry corp	berry cirp
goodbody health limited	goodbody healh limited
nowauto inc	nowautoi nc
black rock coffee bar inca	black rock coffee barvinca
sailfish royalty corp	sailifsh royalty corp
marker therapeutics inc	marker tehrapeutics inc
karooooo ltd	kar ooooo ltd
spencer pharmaceutical inc	spencer pharmaceutical ijc
hartford dynamic bond etf	hasrtford dynamic bond etf
aben gold corp	anen gold corp
american financial group afg 5 58 060160	american financial group afg 5 58 06016z
nican ltd	nican tld
dimenstional world eqty etf	dihmenstional world eqty etf
odawara engineering co ltd	odawara evngineering co ltd
cornerstone bancorp incil	cornerstone bancorp incl
ishares ftse china a50 ehkd	ishares fatse china a50 ehkd
taikisha ltd	taikishz ltd
mereo biopharma group pladr	mere biopharma group pladr
live nation entertainment in	live nation enetrtainment in
brookfield corporation	brookrfield corporation
atlasclear holdings inc 29	atlasclear holdings inf 29
aimfinity investment corp i	amfinity investment corp i
bico group abadr unsponsore	bico group abard unsponsore
cerus corp	ceru corp
themes us rd champions etf	themes us r dchampions etf
caris life sciences inc	caris life scinces inc
million hope industries hold	millio hope industries hold
goldmoney inc	oldmoney inc
pivotree inc	pivotrewe inc
karnell group ab share ak b	karnell group ab share ak bc
global x superincome prefer	global x superincmoe prefer
pacer wealthshield etf	pcaer wealthshield etf
drx dly healthcare bull 3x	drx dly healthcae bull 3x
sarcos technology cw27	sarcos tecnology cw27
ameren illinois company	ameern illinois company
drx dly sp biotech bear 3x	drx ldy sp biotech bear 3x
figs incclass a	figs inocclass a
ruanyun edai technology inc	ruanyun edai technolog yinc
avenir wellness solutions	zvenir wellness solutions
masterworks 200 llc cl a	masterworks 200 llc ci a
hi ho silver resources inc	hi ho silver resources lnc
t rowe price ultra shortter	t rowe price utra shortter
one software technologies lt	one software tchnologies lt
valens semiconductor ltd	valens semiconductorltd
keweenaw finl corp	keweena finl corp
beetaloo energy australia lt	beetalooe nergy australia lt
ft vest btc floor15 etfjul	ft vesr btc floor15 etfjul
yamazaki bakingunspons adr	yamazaki bakingunsgpons adr
pacific green technologies i	pacific green technolgies i
square enix holdings co ltd	square enix holdnigs co ltd
direxion dly sp 500 bull 3x	direxion dly sp 500b bull 3x
mobile global esports inc	mobile gloal esports inc
hyliion holdings corp	hyliion holdiongs corp
hydrogen engine center inc	hydrogen entine center inc
celerity solutions inc	celerity solutions inx
netobjects inc	netbojects inc
beroni group ltd	beroni grlup ltd
western asset infllink sec	western asest infllink sec
avantis us large cap value	avantis s large cap value
drx dly sp biotech bull 3x	drx dly sp biotech bupl 3x
vale indonesia tbk	valw indonesia tbk
vs we econ cycle bond etf	vs we econ cyce bond etf
able view global incb	able view global inocb
black dragon gold corpcdi	black dragon gold corpcri
m3 inc unsp adr	m3 inc ugnsp adr
neolara corp	neolarac corp
direxion dly sm cap bull 3x	drexion dly sm cap bull 3x
aldeyra therapeutics inc	aldeyra thterapeutics inc
main street capital corp	main street caiptal corp
multisensor ai holdings inc	multisensor ai hodings inc
krones agunspon adr	krones agnspon adr
hisamitsu pharmacunspon adr	hisamitsu pharmacunspon zdr
ishares us brokerdealers	ishaers us brokerdealers
asseco poland saunspon adr	asseco poland saunspon acr
torr metals inc	torr metals lnc
granite yieldboost pltr etf	granite yieldboost pltr tf
ichigo office reit investmen	ichigo offic reit investmen
cals rus 2000 s a p etf jl	cjals rus 2000 s a p etf jl
markel group inc	markrel group inc
startmonday technology corp	startmonday technology cor
umc inc	ucm inc
fidelity enh mid cap etf	fidelity enh mid cap etd
nano labs ltdcl a	nano albs ltdcl a
sears canada inc	sear scanada inc
motomova inc	moyomova inc
witbenet	witbdnet
kestrel gold inc	ketrel gold inc
nuveen va qlty muni inc	nuveen va qlty muniinc
dmy squared technology group	dmy squqred technology group
playmates toys ltd	playmates toys itd
schwab intl smallcap equity	schwab intl smallap equity
national healthcare properti	national healthcafe properti
medinex ltd	meinex ltd
sequans communicationsadr	seqans communicationsadr
invesco dorsey wright emergi	invesco dorsey wrighjt emergi
ocean park high income etf	ocean park high incoe etf
trio petroleum corp	troi petroleum corp
molecular partners ag	molecular pzrtners ag
proshares short russell2000	proshares shprt russell2000
merdeka copper gold tbk pt	merdeka copper fold tbk pt
ab us high dividend etf	ab us hig hdividend etf
allianzim us lc buffer10 jun	allianzim us lc bufer10 jun
allianzim us 6m fl5 aproct	allianzim us6m fl5 aproct
district copper corp	distict copper corp
cadence bank	cadence bnak
goldmining inc	goldmining binc
mineral hill industries ltd	mineral hill industrie sltd
nemaura medical inc	nemaura meidcal inc
franklin electric co inc	franklin electric co ihc
okamoto industries inc	okamoto idustries inc
tmm inc	ttmm inc
mega uranium ltd	mega urnaium ltd
gex management inc	gex managemet inc
ubs etf us l c h chf 15	ubs tef us l c h chf 15
santander uk plc	santatnder uk plc
zhongan online pc insadr	izhongan online pc insadr
rex fang innov prem inc etf	rex fang innov prem ic etf
cccb bancorp inc	cccb bancor pinc
nofire technologies inc	novire technologies inc
ish eur600 basicresource de	is heur600 basicresource de
prologis inc	prologis icn
dayton and michigan railway company	dayton and michigan railway compan
abacus global mgmt inc abl 9 78 111528	abacus global mgmt inc alb 9 78 111528
west coast community bancorp	west coas community bancorp
genuine marketing group inc	gnuine marketing group inc
jgc holdings corpunspon adr	jgc holdingscorpunspon adr
metawells oil gas inc	metawells oilj gas inc
china shineway pharmaceutica	china shineway pharmacfutica
axmin inc	axmin nic
sustainable green team ltd	sustainable green tea mltd
ivz defence acc	ivz defenceacc
portex minerals inc	portex minerals lnc
hennessy capital investment	hennessycapital investment
duskin co ltd	duskin oc ltd
hawthorn resources ltd	awthorn resources ltd
bioforce nanosciences holdin	bioforce nanosciencesh oldin
rse archive llc ser99charzr	rse archive llc er99charzr
zai lab ltd	zai laf ltd
elis sa	eliss a
anadolu efes biracilik ve	anadoluefes biracilik ve
alibaba group holding ltd	wlibaba group holding ltd
shibaura mechatronics corp	shibaura mechatronics corwp
sol global investments corp	zol global investments corp
fm 3year inv gr corp b etf	fm 3year inv gr corp b etr
amarc resources ltd	amarc resoucres ltd
high arctic energy services	high arctic energt services
arthur j gallagher co	arthiur j gallagher co
clevelandcliffs inc	clevelanecliffs inc
cosciens biopharma inc	cosciens kbiopharma inc
sg holdings co ltd	sg holings co ltd
fidelity enh lrg cap gwth	fidelith enh lrg cap gwth
boohoo group plc unsp adr	boohoo group plc nusp adr
masterworks 229 llc	masetrworks 229 llc
louisianapacific corp	lousiianapacific corp
appyea inc	appyea nic
ishares msci indonesia etf	ishares msci indofnesia etf
canlan ice sports corp	canlan ice sports crp
repay holdings corp	repay holdings cop
ap mollermaersk asa	ap mollermaersi asa
holdco nuvo group dg ltd	holdco nuvo group d gltd
iress ltd	riess ltd
dh enchantment inc	dhs enchantment inc
metcash ltd	metcash ld
canex metals inc	cane xmetals inc
bold eagle acquisition corp	bold eagle acquisition cogrp
shiftcarbon inc	hsiftcarbon inc
golden spike resources corp	golden spike resourcfs corp
fuse medical inc	fue medical inc
middlefield banc corp	middlefield banc cporp
acdc battery metals inc	acdc battery etals inc
juva life inc	juva lfe inc
goldgroup mining inc	goldgroup mining ihnc
medicale corp	mdicale corp
banzai international inc	banzai internaltional inc
rse archive llc int serdune	rse archivel lc int serdune
crimson wine group ltd	crimson winej group ltd
harbor alpha layering etf	harbor alph layering etf
first trust sp internationa	first trust sp internatioa
essentra plc	exsentra plc
finch therapeutics group inc	finch therapeuics group inc
dino polska sa unsp adr	dino polska sa unsp adry
sanrio co ltd	danrio co ltd
clearsign technologies corp	clearsign tedhnologies corp
blackrock target allocation etf 60 40	blackrock trget allocation etf 60 40
ultimate holdings group inc	ultimage holdings group inc
amplify alternat harvest etf	maplify alternat harvest etf
search minerals inc	searh minerals inc
oriental culture holding ltd	oreintal culture holding ltd
american business bank	amercan business bank
matthews intl corpclass a	matthewsi ntl corpclass a
talon capital corpcl a	talon capitak corpcl a
renishaw plcunsp adr	enishaw plcunsp adr
aoyama zaisan networks co lt	aoama zaisan networks co lt
sundart holdings	sundart holdi ngs
maris tech ltd 23	mtaris tech ltd 23
enviro solutions worldwide	enviro solutions worzldwide
platformo ltd	zplatformo ltd
skylight health group inc	skylight health grzoup inc
havas nv	hava snv
global x variable rate pref	global x variable rwte pref
public storage psa 395 perp	puhlic storage psa 395 perp
otsuka corp	otsuka corpr
sofi select 500 etf	sofi select 500 etfk
killam apartment real estate	killam apartmebt real estate
bezeq the israeliunspon adr	bezeqt he israeliunspon adr
enova international inc	eova international inc
raymond james financial rjf 6 38 perp	ryamond james financial rjf 6 38 perp
imaginear inc	imafinear inc
sunpower inc	sunopwer inc
region group	region gropu
1se archive llc int ser 03	1se arcuive llc int ser 03
token corporation	token corporatijon
noble mineral exploration in	noblbe mineral exploration in
warpaint london plc	warpaint london pcl
franklin ftse eurozone etf	fraklin ftse eurozone etf
archivalcd inc	rachivalcd inc
sound point meridian cap spmc 8 113029	sound point meridain cap spmc 8 113029
damon inc	damon onc
fidelity fndm sm mid cap etf	fijdelity fndm sm mid cap etf
chesapeake energy corp cw26	chesapeake nergy corp cw26
virtus infracap us pref stck	virtus infracaptus pref stck
nomura research insunsp adr	nomura reseach insunsp adr
gecoss corp	gecoss orp
global partners lp	global partnerjs lp
secured services inc	secured zervices inc
cantex mine development corp	cantex mine developmnt corp
dss inc	dss incv
arrived homes ser belvedere	arrivedhomes ser belvedere
makita corp	makita orp
igen networks corp	igenn etworks corp
skywest inc	sksywest inc
all american gold corp	lal american gold corp
overlay shares small cap eq	overlayw shares small cap eq
first tr act glbl qlty inc	first tr act glbl qlt yinc
amacore group incthe	amacore group incte
goodbaby international holdi	godbaby international holdi
ardelyx inc	ardeyx inc
hero technologies inc	hero tcehnologies inc
aap inc	aa pinc
christian dior se	christizn dior se
allianzim us lc buffer20 apr	allianzim us lc buffer20 ap
red robin gourmet burgers	red robin tourmet burgers
miller industries inctenn	mille industries inctenn
canaan inc	canaan nic
lmp automotive holdings inc	lmp automotive holdinsg inc
athira pharma inc	athira pharma ic
molten metals corp	molten metals crp
rakuten group inc	rakuten group kinc
optiscan imaging ltd	optiscan iaging ltd
ptt pclforeign	ptt pcl foreign
lake superior acquisiticl a	lake superior aacquisiticl a
monument mining ltd	monument mining ptd
societe bic sa	societe bicxsa
nexans saunsponsored adr	nexans saunsponsoted adr
lvrg shr 2x aclr mstr m etf	lvrg sr 2x aclr mstr m etf
first hydrogen corp	firts hydrogen corp
htc corp reg s gdr	htc corpreg s gdr
arvinas inc	arvinas incq
kirin holdings co ltd	kiri holdings co ltd
netease incadr	neteasre incadr
geospace technologies corp	geopace technologies corp
purple biotech ltdadr	purple biotech tldadr
gentoo media inc	gentoo media  inc
rapidline inc	apidline inc
cheetah canyon resources cor	gheetah canyon resources cor
rse archive llc int ser	rse archie llc int ser
scisparc ltd	scisparc ltmd
cartier silver corp	cartier silver copr
pimco pref and cap sec act	pimco oref and cap sec act
rbc quant us dividend leader	rbc qunt us dividend leader
icts international nv	icts international jv
peakbirch commerce inc	peakhirch commerce inc
superstar platforms inc	superstar platforgms inc
ft vest us equity deep buf	ft vest us equityrdeep buf
financial gravity companies	financial gravitt companies
drone services usa inc	drone srvices usa inc
tower properties co	twoer properties co
public storage psa 4 perp	public storage pa 4 perp
jack in the box inc	jaqck in the box inc
soundhound ai inca	soundhound ai icna
asahi kasei corpunspon adr	afsahi kasei corpunspon adr
futurecrest acquisition corp	futurecrest acqiusition corp
brii biosciences ltd	brii biosciences ldt
cryptostar corp	cryptosta rcorp
glp jreit	glp jrei
bbmg corporation unspn adr	bbmg corpration unspn adr
rex resources corp	rexeresources corp
abrdn australia equity fund	abrdna ustralia equity fund
china power equipment inc	chigna power equipment inc
intercloud systems inc	inetrcloud systems inc
rainforest resources inc	rainforest resourcesp inc
borregaard asa	borregaarda asa
mgt capital investments inc	mgt capital investmentsrinc
thg holdings plc unsp adr	thg holdings plc nsp adr
praetorian property inc	praetorian prolerty inc
arrived homes 3 ser cordero	arrived homse 3 ser cordero
gabelli fin srvcs opp etf	gabello fin srvcs opp etf
mfs multimarket inc trust	mfs multimarket incl trust
wesizwe platinum ltd	wesizwe platinum ldt
ruffer investment company ld	ruffer invesfment company ld
macarthur minerals ltd	macarthur minerals otd
evi industries inc	evi industrles inc
greenfire resources ltd	greenfire resources ltde
altura energy corp	altrua energy corp
great west lifeco inc	greta west lifeco inc
adt inc	adtuinc
1rt acquisition corpa	1rt acquisition corla
drax group plc	drmax group plc
ishares usd asia hyld bdetf	ishares usd asia hyid bdetf
gsk plc	bgsk plc
noble metal group	noble metal grohp
hitek global inccl a	hitek global incc la
arrived homes llc ser lovejo	arrived homes llcser lovejo
franklin international core	franklin internationla core
nexscient inc	nexscienti nc
vanguard industrials etf	vanguard ndustrials etf
masterworks 264 llc	masterworks 264lllc
wct holdings berhad	wct hold ings berhad
triplepoint venture growth b	triplepoint venture grotwh b
ft vest us equity moderate b	ft vest us equity moedrate b
cannabix technologies inc	cannabix technologues inc
allogene therapeutics inc	allogene therapceutics inc
invesco sp smallcap low vol	invesco sp smallcsp low vol
bold ventures inc	bold ventures ihc
babylon holdings ltd cl a	abbylon holdings ltd cl a
oracle corp	oracle crop
berkeley energia ltd	berpkeley energia ltd
network1 technologies inc	network1 technologieps inc
western asset global high in	western asset glibal high in
visionary metals corp	visionary metals cuorp
tomoku co ltd	tomoku c oltd
seaport entertainment group	seaport enteyrtainment group
ft vest us equity enhance	ft vest uas equity enhance
ito en ltdpref	itio en ltdpref
californiaengels mining co	californiaengel s mining co
paychex inc	payhex inc
x global dividend 100 swp 1d	x glbobal dividend 100 swp 1d
stem holdings inc	setm holdings inc
ivanhoe mines ltdcl a	ivanhoe mines ltdtcl a
stmicroelectronics nv	stmicroelecrronics nv
solusi bangun indonesia tbk	solsi bangun indonesia tbk
vanguard intterm corporate	vanguard itterm corporate
powerbank corp	powebank corp
us critical metals corp	us critical metals cofp
invesco biotechnology geno	inveso biotechnology geno
oracle healthcare acquisit	oracle healghcare acquisit
masterworks vault 2 ser 324	masterworks vault 2 ser324
futurefuel corp	futujrefuel corp
syntec optics holdings inc	syntec opticsnholdings inc
bper banca spaunsp adr	bper banca spaunsp hadr
primerica inc	primeriac inc
red violet inc	re violet inc
alpha one inc	alpha one icn
fidelity holding corp	fideliy holding corp
inception growth acquisition	inecption growth acquisition
goldenstone acquisitio cw23	goldenstons acquisitio cw23
purecycle technocw26	purecycle terchnocw26
m3brigade acquisition vi co	m3brigadexacquisition vi co
global x silver miners etf	global x silver minrs etf
citius oncology inc	cfitius oncology inc
ivanhoe capital cl a cw27	ivanheo capital cl a cw27
newbury street ii acquisitio	newbury street ii acquistio
intech sp larg div alpha etf	intech sp larg div alpgha etf
invesco ca val muni inc tr	invesco ca val mnui inc tr
strategic partners as	strategic partners nas
forum merger iii corp cw27	forum merher iii corp cw27
tivan ltd	tivan lyd
vodacom group ltd	vodacom griup ltd
nanosonics ltd	nanosonics lt
proshares ultra ftse europe	proshares ultra jftse europe
sbo ag	sbo ga
sun life financial inc	un life financial inc
ategrity specialty holdings	ategrify specialty holdings
bright minds biosciences inc	brightminds biosciences inc
rse archive ser39tedwill	rse rchive ser39tedwill
agavenny corp	agavenny ocrp
multiconsult asaunsp adr	multiconslut asaunsp adr
ft indxx critical metals etf	ft indxx criticla metals etf
jsc kaspikz adr	jsc kapikz adr
infinity mining ltd	infinity miningm ltd
rapport therapeutics inc	rapport therapeutics in
rse archive llc int ser 1977	rse archive llc int sr 1977
lanvin group holdings ltd	lanvin group holdingse ltd
ishares ibonds dec 2029 m bd	ishares ibondz dec 2029 m bd
polen cap em mar ex c gr etf	poldn cap em mar ex c gr etf
sandridge mississippian trus	sandridge mississippifan trus
pacer sol whit future of war	pacer sol whit futur of war
odyssey health inc	odyssye health inc
fluidra saunsponsored adr	fluidra saunsponsored ard
sentry technology corp	setnry technology corp
china eastern airlines coh	china eastern airlibes coh
ocean spray cran	ocean spry cran
ishares asia 50 etf	ishares wsia 50 etf
pgim jennison focused value	pgim jennison focused valhe
dimensional us small cap val	dimensinoal us small cap val
masterworks 285 cl a	masterworsk 285 cl a
baycurrent inc	baycurernt inc
qmc quantum minerals corp	qmc quantum mienrals corp
neximmune inc	neximmne inc
minera frisco sab de cva1	minera frisco sab d cva1
rogers corp	rwogers corp
ziff davis inc	ziffdavis inc
hm sampoerna tbk pt	hm sampoerna tbk ptm
ym gme opt inc strat etf	ymgme opt inc strat etf
kairous acquisition corp ltd	kairous acquisitio ncorp ltd
universal tracking solutions	unievrsal tracking solutions
county line energy corp	county line energby corp
goldman sachs access treasur	goldbman sachs access treasur
inspire corporate bond etf	ijspire corporate bond etf
ishares trust ishares esg aw	ishares trust iushares esg aw
tortoise sustsocial imp ter	tortoise sustsocial imp tesr
banc of california inc	banc of cailfornia inc
grupo televisa saspon adr	grupo televisa saspon adnr
central pacific financial co	pcentral pacific financial co
affimed nv	afufimed nv
first trust nasdaq cybersecu	first trust nasdaq cbersecu
bayport international holdin	bayport international hodlin
endor ag	endod ag
yeti holdings inc	yei holdings inc
vanguard total stock mkt etf	vanguadr total stock mkt etf
scsk corp	scsk clorp
innocan pharma corp	innoocan pharma corp
dcfc holdings llc cl b	dcfc hlodings llc cl b
pressure biosciences inc	pessure biosciences inc
destination xl group inc	destination xl grup inc
china carbon graphite group	chinawcarbon graphite group
masterworks vault 2 ser 399	masterworks vault 2 der 399
innovator us equity power	innovator us equitypower
air franceklmadr	air feanceklmadr
fcn banc corp	fcn bancvcorp
beximco pharmaceutigdr regs	beximco pharmaveutigdr regs
china foods holdings ltda	chinafoods holdings ltda
ishares core intl stock etf	ishares core inltl stock etf
firstrand ltdunspon adr	firstrand ltdunxpon adr
ishare fltng rt ln av etfui	ishare fltnjg rt ln av etfui
american aires inc	amerlcan aires inc
bico group ab	buco group ab
tattooed chef inc	tatyooed chef inc
matthews em discovery	matthews em discovey
aventura equities inc	aventura euqities inc
cannabis global inc	cannabis global icn
lukoil pjscspon adr	lukol pjscspon adr
uomo media inc	uomo media nic
fossil group inc	ossil group inc
quality one wireless inc	quality one wirwless inc
t rowe price total return et	t rowr price total return et
hikari tsushin inc	hikari tsushin ibc
ishares us infrastructure	ishaees us infrastructure
foxo technologies cl a cw27	foxo technologies cl a cwr27
innovator grad tact rotation	innobator grad tact rotation
revitalist lifestyle and wel	revifalist lifestyle and wel
bicara therapeutics inc	bicara therapeuics inc
innovator pwr buff su st etf	innovator pwr buffg su st etf
china industrial waste manag	china industrials waste manag
mastermind inc	masermind inc
connected media technolgies	conencted media technolgies
scholar rock holding corp	scholar rock hokding corp
entergy louisiana llc etr 4 78 090166	entergy louusiana llc etr 4 78 090166
mach7 technologies ltd	mach7 technlogies ltd
bfi finance indonesia tbk pt	bfi finance indpnesia tbk pt
toho co ltd	tho co ltd
american bank incpa	american vbank incpa
